pyAF_mape,model_run_ts,pyAF_params
0.02630412497055697,2024-05-21 16:13:07.463327,{'horizon': 2}
