pyAF_mape,model_run_ts,pyAF_params
0.027188844976952776,2024-05-22 14:00:09.187344,{'horizon': 2}
