pyAF_mape,model_run_ts,pyAF_params
0.027188844976952776,2024-05-22 13:55:05.030144,{'horizon': 2}
